academics,programs/academics
academics/academic-departments,programs/academics/academic-departments
academics/academic-departments/human-resource-studies,programs/academics/academic-departments/human-resource-studies
academics/academic-departments/human-resource-studies/human-resource-undergraduates,programs/academics/academic-departments/human-resource-studies/human-resource-undergraduates
academics/academic-departments/human-resource-studies/masters-human-resource-studies-milr,programs/academics/academic-departments/human-resource-studies/masters-human-resource-studies-milr
academics/academic-departments/human-resource-studies/phd-program-human-resources,programs/academics/academic-departments/human-resource-studies/phd-program-human-resources
academics/academic-departments/human-resource-studies/phd-program-human-resources/faculty-research-recent-publications,programs/academics/academic-departments/human-resource-studies/phd-program-human-resources/faculty-research-recent-publications
academics/academic-departments/international-and-comparative-labor,programs/academics/academic-departments/international-and-comparative-labor
academics/academic-departments/labor-relations-law-and-history,programs/academics/academic-departments/labor-relations-law-and-history
academics/academic-departments/organizational-behavior,programs/academics/academic-departments/organizational-behavior
academics/academic-departments/organizational-behavior/masters-organizational-behavior-studies,programs/academics/academic-departments/organizational-behavior/masters-organizational-behavior-studies
academics/academic-departments/organizational-behavior/organizational-behavior-undergraduates,programs/academics/academic-departments/organizational-behavior/organizational-behavior-undergraduates
academics/academic-departments/organizational-behavior/phd-program-organizational-behavior,programs/academics/academic-departments/organizational-behavior/phd-program-organizational-behavior
academics/academic-departments/organizational-behavior/testing,programs/academics/academic-departments/organizational-behavior/testing
academics/academic-departments/social-statistics,programs/academics/academic-departments/social-statistics
academics/academic-departments/social-statistics/why-statistics,programs/academics/academic-departments/social-statistics/why-statistics
academics/academic-policies,programs/academics/academic-policies
academics/academic-policies/academic-grades-and-notations,programs/academics/academic-policies/academic-grades-and-notations
academics/academic-policies/academic-integrity,programs/academics/academic-policies/academic-integrity
academics/academic-policies/academic-standing,programs/academics/academic-policies/academic-standing
academics/academic-policies/deans-list,programs/academics/academic-policies/deans-list
academics/academic-policies/dropping-course,programs/academics/academic-policies/dropping-course
academics/academic-policies/eight-semester-residency-requirement,programs/academics/academic-policies/eight-semester-residency-requirement
academics/academic-policies/graduation-honors,programs/academics/academic-policies/graduation-honors
academics/academic-policies/harassment,programs/academics/academic-policies/harassment
academics/academic-policies/leaves-absence-withdrawal,programs/academics/academic-policies/leaves-absence-withdrawal
academics/academic-policies/petition-process,programs/academics/academic-policies/petition-process
academics/academic-policies/undergraduate-teaching-or-research-assistants,programs/academics/academic-policies/undergraduate-teaching-or-research-assistants
academics/course-descriptions-and-class-roster,programs/academics/course-descriptions-and-class-roster
academics/course-descriptions-and-class-roster/official-transcripts-and-academic-records,programs/academics/course-descriptions-and-class-roster/official-transcripts-and-academic-records
academics/degree-programs,programs/academics/degree-programs
academics/degree-programs/graduate-degree-programs,programs/graduate-degree-programs
academics/degree-programs/graduate-degree-programs/contact-us,programs/graduate-degree-programs/contact-us
academics/degree-programs/graduate-degree-programs/doctor-philosophy-phd,programs/graduate-degree-programs/doctor-philosophy-phd
academics/degree-programs/graduate-degree-programs/doctor-philosophy-phd/contact-us,programs/graduate-degree-programs/doctor-philosophy-phd/contact-us
academics/degree-programs/graduate-degree-programs/doctor-philosophy-phd/ilr-msphd-students,programs/graduate-degree-programs/doctor-philosophy-phd/ilr-msphd-students
academics/degree-programs/graduate-degree-programs/doctor-philosophy-phd/phd-job-market-candidates,programs/graduate-degree-programs/doctor-philosophy-phd/phd-job-market-candidates
academics/degree-programs/graduate-degree-programs/doctor-philosophy-phd/program-admissions,programs/graduate-degree-programs/doctor-philosophy-phd/program-admissions
academics/degree-programs/graduate-degree-programs/doctor-philosophy-phd/program-requirements,programs/graduate-degree-programs/doctor-philosophy-phd/program-requirements
academics/degree-programs/graduate-degree-programs/doctor-philosophy-phd/visit,programs/graduate-degree-programs/doctor-philosophy-phd/visit
academics/degree-programs/graduate-degree-programs/doctoral-program/visit,programs/graduate-degree-programs/doctoral-program/visit
academics/degree-programs/graduate-degree-programs/executive-master-human-resource-management-online,programs/graduate-degree-programs/executive-master-human-resource-management-online
academics/degree-programs/graduate-degree-programs/executive-master-human-resource-management-online/alumni-testimonials,programs/graduate-degree-programs/executive-master-human-resource-management-online/alumni-testimonials
academics/degree-programs/graduate-degree-programs/executive-master-human-resource-management-online/application-process,programs/graduate-degree-programs/executive-master-human-resource-management-online/application-process
academics/degree-programs/graduate-degree-programs/executive-master-human-resource-management-online/application-process/individual-state-disclosures,programs/graduate-degree-programs/executive-master-human-resource-management-online/application-process/individual-state-disclosures
academics/degree-programs/graduate-degree-programs/executive-master-human-resource-management-online/application-process/student-grievance-procedures,programs/graduate-degree-programs/executive-master-human-resource-management-online/application-process/student-grievance-procedures
academics/degree-programs/graduate-degree-programs/executive-master-human-resource-management-online/application-requirements,programs/graduate-degree-programs/executive-master-human-resource-management-online/application-requirements
academics/degree-programs/graduate-degree-programs/executive-master-human-resource-management-online/check-your-eligibility,programs/graduate-degree-programs/executive-master-human-resource-management-online/check-your-eligibility
academics/degree-programs/graduate-degree-programs/executive-master-human-resource-management-online/course-descriptions,programs/graduate-degree-programs/executive-master-human-resource-management-online/course-descriptions
academics/degree-programs/graduate-degree-programs/executive-master-human-resource-management-online/emhrm-class-2016-calendar,programs/graduate-degree-programs/executive-master-human-resource-management-online/emhrm-class-2016-calendar
academics/degree-programs/graduate-degree-programs/executive-master-human-resource-management-online/faculty,programs/graduate-degree-programs/executive-master-human-resource-management-online/faculty
academics/degree-programs/graduate-degree-programs/executive-master-human-resource-management-online/frequently-asked-questions,programs/graduate-degree-programs/executive-master-human-resource-management-online/frequently-asked-questions
academics/degree-programs/graduate-degree-programs/executive-master-human-resource-management-online/information-request,programs/graduate-degree-programs/executive-master-human-resource-management-online/information-request
academics/degree-programs/graduate-degree-programs/executive-master-human-resource-management-online/policies,programs/graduate-degree-programs/executive-master-human-resource-management-online/policies
academics/degree-programs/graduate-degree-programs/executive-master-human-resource-management-online/program-format,programs/graduate-degree-programs/executive-master-human-resource-management-online/program-format
academics/degree-programs/graduate-degree-programs/executive-master-human-resource-management-online/program-schedule,programs/graduate-degree-programs/executive-master-human-resource-management-online/program-schedule
academics/degree-programs/graduate-degree-programs/executive-master-human-resource-management-online/sign-tips-and-tricks,programs/graduate-degree-programs/executive-master-human-resource-management-online/sign-tips-and-tricks
academics/degree-programs/graduate-degree-programs/executive-master-human-resource-management-online/tuition-and-fees,programs/graduate-degree-programs/executive-master-human-resource-management-online/tuition-and-fees
academics/degree-programs/graduate-degree-programs/graduate-programs-inquiry-form,programs/graduate-degree-programs/graduate-programs-inquiry-form
academics/degree-programs/graduate-degree-programs/master-industrial-and-labor-relations-milr,programs/graduate-degree-programs/master-industrial-and-labor-relations-milr
academics/degree-programs/graduate-degree-programs/master-industrial-and-labor-relations-milr/admission-requirements,programs/graduate-degree-programs/master-industrial-and-labor-relations-milr/admission-requirements
academics/degree-programs/graduate-degree-programs/master-industrial-and-labor-relations-milr/ali-imrani,programs/graduate-degree-programs/master-industrial-and-labor-relations-milr/ali-imrani
academics/degree-programs/graduate-degree-programs/master-industrial-and-labor-relations-milr/application-deadlines,programs/graduate-degree-programs/master-industrial-and-labor-relations-milr/application-deadlines
academics/degree-programs/graduate-degree-programs/master-industrial-and-labor-relations-milr/apply,programs/graduate-degree-programs/master-industrial-and-labor-relations-milr/apply
academics/degree-programs/graduate-degree-programs/master-industrial-and-labor-relations-milr/ashley-gammella,programs/graduate-degree-programs/master-industrial-and-labor-relations-milr/ashley-gammella
academics/degree-programs/graduate-degree-programs/master-industrial-and-labor-relations-milr/check-your-eligibility,programs/graduate-degree-programs/master-industrial-and-labor-relations-milr/check-your-eligibility
academics/degree-programs/graduate-degree-programs/master-industrial-and-labor-relations-milr/concentrations,programs/graduate-degree-programs/master-industrial-and-labor-relations-milr/concentrations
academics/degree-programs/graduate-degree-programs/master-industrial-and-labor-relations-milr/concentrations/collective-representation,programs/graduate-degree-programs/master-industrial-and-labor-relations-milr/concentrations/collective-representation
academics/degree-programs/graduate-degree-programs/master-industrial-and-labor-relations-milr/concentrations/dispute-resolution,programs/graduate-degree-programs/master-industrial-and-labor-relations-milr/concentrations/dispute-resolution
academics/degree-programs/graduate-degree-programs/master-industrial-and-labor-relations-milr/concentrations/human-resources-and-organizations,programs/graduate-degree-programs/master-industrial-and-labor-relations-milr/concentrations/human-resources-and-organizations
academics/degree-programs/graduate-degree-programs/master-industrial-and-labor-relations-milr/concentrations/international-and-comparative-labor,programs/graduate-degree-programs/master-industrial-and-labor-relations-milr/concentrations/international-and-comparative-labor
academics/degree-programs/graduate-degree-programs/master-industrial-and-labor-relations-milr/concentrations/labor-market-policy,programs/graduate-degree-programs/master-industrial-and-labor-relations-milr/concentrations/labor-market-policy
academics/degree-programs/graduate-degree-programs/master-industrial-and-labor-relations-milr/connect-us,programs/graduate-degree-programs/master-industrial-and-labor-relations-milr/connect-us
academics/degree-programs/graduate-degree-programs/master-industrial-and-labor-relations-milr/connect-us/discover-milr,programs/graduate-degree-programs/master-industrial-and-labor-relations-milr/connect-us/discover-milr
academics/degree-programs/graduate-degree-programs/master-industrial-and-labor-relations-milr/contact-us,programs/graduate-degree-programs/master-industrial-and-labor-relations-milr/contact-us
academics/degree-programs/graduate-degree-programs/master-industrial-and-labor-relations-milr/fellowships-and-financial-support,programs/graduate-degree-programs/master-industrial-and-labor-relations-milr/fellowships-and-financial-support
academics/degree-programs/graduate-degree-programs/master-industrial-and-labor-relations-milr/frequently-asked-questions,programs/graduate-degree-programs/master-industrial-and-labor-relations-milr/frequently-asked-questions
academics/degree-programs/graduate-degree-programs/master-industrial-and-labor-relations-milr/harmeet-chawla,programs/graduate-degree-programs/master-industrial-and-labor-relations-milr/harmeet-chawla
academics/degree-programs/graduate-degree-programs/master-industrial-and-labor-relations-milr/jesse-proctor,programs/graduate-degree-programs/master-industrial-and-labor-relations-milr/jesse-proctor
academics/degree-programs/graduate-degree-programs/master-industrial-and-labor-relations-milr/milr-online-info-session-12-1-2016,programs/graduate-degree-programs/master-industrial-and-labor-relations-milr/milr-online-info-session-12-1-2016
academics/degree-programs/graduate-degree-programs/master-industrial-and-labor-relations-milr/practice,programs/graduate-degree-programs/master-industrial-and-labor-relations-milr/practice
academics/degree-programs/graduate-degree-programs/master-industrial-and-labor-relations-milr/steven-oakley,programs/graduate-degree-programs/master-industrial-and-labor-relations-milr/steven-oakley
academics/degree-programs/graduate-degree-programs/master-industrial-and-labor-relations-milr/tuition-and-fees,programs/graduate-degree-programs/master-industrial-and-labor-relations-milr/tuition-and-fees
academics/degree-programs/graduate-degree-programs/master-professional-studies,programs/graduate-degree-programs/master-professional-studies
academics/degree-programs/graduate-degree-programs/milr-mba-dual-degree-program,programs/graduate-degree-programs/milr-mba-dual-degree-program
academics/degree-programs/graduate-degree-programs/milrescp-europe-master-management-program,programs/graduate-degree-programs/milrescp-europe-master-management-program
academics/degree-programs/graduate-degree-programs/milrescp-europe-master-management-program/information-escp-europe-students-interested-study-ilr-school,programs/graduate-degree-programs/milrescp-europe-master-management-program/information-escp-europe-students-interested-study-ilr-school
academics/degree-programs/graduate-degree-programs/milrescp-europe-master-management-program/studying-escp-europe-school-management,programs/graduate-degree-programs/milrescp-europe-master-management-program/studying-escp-europe-school-management
academics/degree-programs/graduate-degree-programs/mps-program-new-york-city,programs/graduate-degree-programs/mps-program-new-york-city
academics/degree-programs/graduate-degree-programs/mps-program-new-york-city/about-our-students,programs/graduate-degree-programs/mps-program-new-york-city/about-our-students
academics/degree-programs/graduate-degree-programs/mps-program-new-york-city/about-our-students/student-video-profiles,programs/graduate-degree-programs/mps-program-new-york-city/about-our-students/student-video-profiles
academics/degree-programs/graduate-degree-programs/mps-program-new-york-city/about-our-students/student-video-profiles/jack-hagen,programs/graduate-degree-programs/mps-program-new-york-city/about-our-students/student-video-profiles/jack-hagen
academics/degree-programs/graduate-degree-programs/mps-program-new-york-city/about-our-students/student-video-profiles/kristine-defiglio,programs/graduate-degree-programs/mps-program-new-york-city/about-our-students/student-video-profiles/kristine-defiglio
academics/degree-programs/graduate-degree-programs/mps-program-new-york-city/about-our-students/student-video-profiles/leslie-granston,programs/graduate-degree-programs/mps-program-new-york-city/about-our-students/student-video-profiles/leslie-granston
academics/degree-programs/graduate-degree-programs/mps-program-new-york-city/about-our-students/student-video-profiles/patrick-mcgreal,programs/graduate-degree-programs/mps-program-new-york-city/about-our-students/student-video-profiles/patrick-mcgreal
academics/degree-programs/graduate-degree-programs/mps-program-new-york-city/academics-curriculum/program-structure,programs/graduate-degree-programs/mps-program-new-york-city/academics-curriculum/program-structure
academics/degree-programs/graduate-degree-programs/mps-program-new-york-city/apply,programs/graduate-degree-programs/mps-program-new-york-city/apply
academics/degree-programs/graduate-degree-programs/mps-program-new-york-city/apply/requirements,programs/graduate-degree-programs/mps-program-new-york-city/apply/requirements
academics/degree-programs/graduate-degree-programs/mps-program-new-york-city/apply/requirements/additional-requirements-international-applicants,programs/graduate-degree-programs/mps-program-new-york-city/apply/requirements/additional-requirements-international-applicants
academics/degree-programs/graduate-degree-programs/mps-program-new-york-city/career-services,programs/graduate-degree-programs/mps-program-new-york-city/career-services
academics/degree-programs/graduate-degree-programs/mps-program-new-york-city/contact,programs/graduate-degree-programs/mps-program-new-york-city/contact
academics/degree-programs/graduate-degree-programs/mps-program-new-york-city/curriculum,programs/graduate-degree-programs/mps-program-new-york-city/curriculum
academics/degree-programs/graduate-degree-programs/mps-program-new-york-city/curriculum/academic-calendar,programs/graduate-degree-programs/mps-program-new-york-city/curriculum/academic-calendar
academics/degree-programs/graduate-degree-programs/mps-program-new-york-city/curriculum/research-practice,programs/graduate-degree-programs/mps-program-new-york-city/curriculum/research-practice
academics/degree-programs/graduate-degree-programs/mps-program-new-york-city/curriculum/research-project,programs/graduate-degree-programs/mps-program-new-york-city/curriculum/research-project
academics/degree-programs/graduate-degree-programs/mps-program-new-york-city/curriculum/resources,programs/graduate-degree-programs/mps-program-new-york-city/curriculum/resources
academics/degree-programs/graduate-degree-programs/mps-program-new-york-city/curriculum/saturday-classes,programs/graduate-degree-programs/mps-program-new-york-city/curriculum/saturday-classes
academics/degree-programs/graduate-degree-programs/mps-program-new-york-city/faculty,programs/graduate-degree-programs/mps-program-new-york-city/faculty
academics/degree-programs/graduate-degree-programs/mps-program-new-york-city/faq,programs/graduate-degree-programs/mps-program-new-york-city/faq
academics/degree-programs/graduate-degree-programs/mps-program-new-york-city/mps-nyc-open-house,programs/graduate-degree-programs/mps-program-new-york-city/mps-nyc-open-house
academics/degree-programs/graduate-degree-programs/mps-program-new-york-city/rocky-road-ice-cream,programs/graduate-degree-programs/mps-program-new-york-city/rocky-road-ice-cream
academics/degree-programs/graduate-degree-programs/mps-program-new-york-city/tuition,programs/graduate-degree-programs/mps-program-new-york-city/tuition
academics/degree-programs/graduate-degree-programs/mps-program-new-york-city/why-mps,programs/graduate-degree-programs/mps-program-new-york-city/why-mps
academics/degree-programs/html-email-image-assets,programs/graduate-degree-programs/html-email-image-assets
academics/degree-programs/masters-human-resources,programs/masters-human-resources
academics/degree-programs/masters-human-resources-0,programs/masters-human-resources-0
academics/degree-programs/undergraduate-degree-program,programs/undergraduate-degree-program
academics/degree-programs/undergraduate-degree-program/ms-degree-track-bs-ilr-students,programs/undergraduate-degree-program/ms-degree-track-bs-ilr-students
academics/degree-programs/undergraduate-degree-program/undergraduate-curriculum-requirements,programs/undergraduate-degree-program/undergraduate-curriculum-requirements
academics/degree-programs/undergraduate-degree-program/undergraduate-curriculum-requirements/core-requirements,programs/undergraduate-degree-program/undergraduate-curriculum-requirements/core-requirements
academics/degree-programs/undergraduate-degree-program/undergraduate-curriculum-requirements/distribution-requirements,programs/undergraduate-degree-program/undergraduate-curriculum-requirements/distribution-requirements
academics/degree-programs/undergraduate-degree-program/undergraduate-curriculum-requirements/general-electives,programs/undergraduate-degree-program/undergraduate-curriculum-requirements/general-electives
academics/degree-programs/undergraduate-degree-program/undergraduate-curriculum-requirements/ilr-electives,programs/undergraduate-degree-program/undergraduate-curriculum-requirements/ilr-electives
academics/degree-programs/undergraduate-degree-program/undergraduate-curriculum-requirements/ilr-electives/out-college-options-ilr-electives,programs/undergraduate-degree-program/undergraduate-curriculum-requirements/ilr-electives/out-college-options-ilr-electives
academics/degree-programs/undergraduate-degree-program/undergraduate-curriculum-requirements/ilr-electives/special-study-options-ilr-electives,programs/undergraduate-degree-program/undergraduate-curriculum-requirements/ilr-electives/special-study-options-ilr-electives
academics/degree-programs/undergraduate-degree-program/undergraduate-curriculum-requirements/physical-education-requirements,programs/undergraduate-degree-program/undergraduate-curriculum-requirements/physical-education-requirements
academics/degree-programs/undergraduate-degree-program/undergraduate-curriculum-requirements/summary-requirements,programs/undergraduate-degree-program/undergraduate-curriculum-requirements/summary-requirements
academics/degree-programs/undergraduate-degree-program/undergraduate-curriculum-requirements/writing-requirements,programs/undergraduate-degree-program/undergraduate-curriculum-requirements/writing-requirements
academics/ilr-class-enrollment-and-course-information,programs/academics/ilr-class-enrollment-and-course-information
academics/internships/credit-internships,student-experience/credit-internships
academics/internships/credit-internships/about-program,student-experience/credit-internships/about-program
academics/internships/credit-internships/about-program/contact-us,student-experience/credit-internships/about-program/contact-us
academics/internships/credit-internships/clara-chung,student-experience/credit-internships/clara-chung
academics/internships/credit-internships/credit-internship-test,student-experience/credit-internships/credit-internship-test
academics/internships/credit-internships/current-credit-internship-opportunities,student-experience/credit-internships/current-credit-internship-opportunities
academics/internships/credit-internships/current-credit-internship-opportunities/afl-cio,student-experience/credit-internships/current-credit-internship-opportunities/afl-cio
academics/internships/credit-internships/current-credit-internship-opportunities/american-federation-teachers,student-experience/credit-internships/current-credit-internship-opportunities/american-federation-teachers
academics/internships/credit-internships/current-credit-internship-opportunities/bosch-ltd,student-experience/credit-internships/current-credit-internship-opportunities/bosch-ltd
academics/internships/credit-internships/current-credit-internship-opportunities/csx-corporation,student-experience/credit-internships/current-credit-internship-opportunities/csx-corporation
academics/internships/credit-internships/current-credit-internship-opportunities/employers-forum-disability,student-experience/credit-internships/current-credit-internship-opportunities/employers-forum-disability
academics/internships/credit-internships/current-credit-internship-opportunities/excelsoft-technologies,student-experience/credit-internships/current-credit-internship-opportunities/excelsoft-technologies
academics/internships/credit-internships/current-credit-internship-opportunities/fidelity-business-services-india-ltd,student-experience/credit-internships/current-credit-internship-opportunities/fidelity-business-services-india-ltd
academics/internships/credit-internships/current-credit-internship-opportunities/general-electric,student-experience/credit-internships/current-credit-internship-opportunities/general-electric
academics/internships/credit-internships/current-credit-internship-opportunities/ibm,student-experience/credit-internships/current-credit-internship-opportunities/ibm
academics/internships/credit-internships/current-credit-internship-opportunities/international-labour-organization,student-experience/credit-internships/current-credit-internship-opportunities/international-labour-organization
academics/internships/credit-internships/current-credit-internship-opportunities/international-labour-organization/conditions-work-branch,student-experience/credit-internships/current-credit-internship-opportunities/international-labour-organization/conditions-work-branch
academics/internships/credit-internships/current-credit-internship-opportunities/international-labour-organization/conditions-work-employment-programme,student-experience/credit-internships/current-credit-internship-opportunities/international-labour-organization/conditions-work-employment-programme
academics/internships/credit-internships/current-credit-internship-opportunities/international-labour-organization/conditions-work-maternity-protection,student-experience/credit-internships/current-credit-internship-opportunities/international-labour-organization/conditions-work-maternity-protection
academics/internships/credit-internships/current-credit-internship-opportunities/international-labour-organization/employment-intensive-investment-branch,student-experience/credit-internships/current-credit-internship-opportunities/international-labour-organization/employment-intensive-investment-branch
academics/internships/credit-internships/current-credit-internship-opportunities/international-labour-organization/international-institute-labour-studies-iils,student-experience/credit-internships/current-credit-internship-opportunities/international-labour-organization/international-institute-labour-studies-iils
academics/internships/credit-internships/current-credit-internship-opportunities/international-labour-organization/multinational-enterprises-programme,student-experience/credit-internships/current-credit-internship-opportunities/international-labour-organization/multinational-enterprises-programme
academics/internships/credit-internships/current-credit-internship-opportunities/international-labour-organization/safework,student-experience/credit-internships/current-credit-internship-opportunities/international-labour-organization/safework
academics/internships/credit-internships/current-credit-internship-opportunities/international-labour-organization/skills-employability-department-ifpskills,student-experience/credit-internships/current-credit-internship-opportunities/international-labour-organization/skills-employability-department-ifpskills
academics/internships/credit-internships/current-credit-internship-opportunities/raines-international-inc,student-experience/credit-internships/current-credit-internship-opportunities/raines-international-inc
academics/internships/credit-internships/current-credit-internship-opportunities/tata-telcon,student-experience/credit-internships/current-credit-internship-opportunities/tata-telcon
academics/internships/credit-internships/current-credit-internship-opportunities/utc-aerospace-systems,student-experience/credit-internships/current-credit-internship-opportunities/utc-aerospace-systems
academics/internships/credit-internships/current-credit-internship-opportunities/walt-disney-world-co,student-experience/credit-internships/current-credit-internship-opportunities/walt-disney-world-co
academics/internships/credit-internships/current-credit-internship-opportunities/warner-music-group,student-experience/credit-internships/current-credit-internship-opportunities/warner-music-group
academics/internships/credit-internships/current-credit-internship-opportunities/weingarten-reid-mcnally-llc,student-experience/credit-internships/current-credit-internship-opportunities/weingarten-reid-mcnally-llc
academics/internships/credit-internships/current-credit-internship-opportunities/writers-guild-america-west,student-experience/credit-internships/current-credit-internship-opportunities/writers-guild-america-west
academics/internships/credit-internships/forms,student-experience/credit-internships/forms
academics/internships/credit-internships/international-credit-internships,student-experience/credit-internships/international-credit-internships
academics/internships/credit-internships/international-credit-internships/arrival,student-experience/credit-internships/international-credit-internships/arrival
academics/internships/credit-internships/international-credit-internships/costs-billing-financial-aid,student-experience/credit-internships/international-credit-internships/costs-billing-financial-aid
academics/internships/credit-internships/international-credit-internships/passports-visas,student-experience/credit-internships/international-credit-internships/passports-visas
academics/internships/credit-internships/international-credit-internships/pre-departure-information,student-experience/credit-internships/international-credit-internships/pre-departure-information
academics/internships/credit-internships/international-credit-internships/safety-security-health,student-experience/credit-internships/international-credit-internships/safety-security-health
academics/internships/credit-internships/international-credit-internships/student-conduct-liability,student-experience/credit-internships/international-credit-internships/student-conduct-liability
academics/internships/credit-internships/joseph-ardolino,student-experience/credit-internships/joseph-ardolino
academics/internships/credit-internships/lhani-jamison,student-experience/credit-internships/lhani-jamison
academics/internships/credit-internships/parents,student-experience/credit-internships/parents
academics/internships/credit-internships/sponsors,student-experience/credit-internships/sponsors
academics/internships/credit-internships/sponsors/internship-assignment,student-experience/credit-internships/sponsors/internship-assignment
academics/internships/credit-internships/sponsors/past-sponsors,student-experience/credit-internships/sponsors/past-sponsors
academics/internships/credit-internships/student-profiles,student-experience/credit-internships/student-profiles
academics/internships/credit-internships/student-profiles/abby-maldonado,student-experience/credit-internships/student-profiles/abby-maldonado
academics/internships/credit-internships/student-profiles/alex-gimenez,student-experience/credit-internships/student-profiles/alex-gimenez
academics/internships/credit-internships/student-profiles/ananya-hindupur,student-experience/credit-internships/student-profiles/ananya-hindupur
academics/internships/credit-internships/student-profiles/betzabel-vazquez,student-experience/credit-internships/student-profiles/betzabel-vazquez
academics/internships/credit-internships/student-profiles/danny-qiao,student-experience/credit-internships/student-profiles/danny-qiao
academics/internships/credit-internships/student-profiles/david-ticzon,student-experience/credit-internships/student-profiles/david-ticzon
academics/internships/credit-internships/student-profiles/dipabali-chowdhury,student-experience/credit-internships/student-profiles/dipabali-chowdhury
academics/internships/credit-internships/student-profiles/gabriel-diamond,student-experience/credit-internships/student-profiles/gabriel-diamond
academics/internships/credit-internships/student-profiles/greg-crawford-bsilr-14,student-experience/credit-internships/student-profiles/greg-crawford-bsilr-14
academics/internships/credit-internships/student-profiles/harrison-okin,student-experience/credit-internships/student-profiles/harrison-okin
academics/internships/credit-internships/student-profiles/heidi-wong-bsilr-14,student-experience/credit-internships/student-profiles/heidi-wong-bsilr-14
academics/internships/credit-internships/student-profiles/hiba-azar,student-experience/credit-internships/student-profiles/hiba-azar
academics/internships/credit-internships/student-profiles/huaxin-jiang,student-experience/credit-internships/student-profiles/huaxin-jiang
academics/internships/credit-internships/student-profiles/jeffrey-baker,student-experience/credit-internships/student-profiles/jeffrey-baker
academics/internships/credit-internships/student-profiles/jeffrey-joseph,student-experience/credit-internships/student-profiles/jeffrey-joseph
academics/internships/credit-internships/student-profiles/jennifer-gaudette,student-experience/credit-internships/student-profiles/jennifer-gaudette
academics/internships/credit-internships/student-profiles/john-stahno,student-experience/credit-internships/student-profiles/john-stahno
academics/internships/credit-internships/student-profiles/katherine-scott,student-experience/credit-internships/student-profiles/katherine-scott
academics/internships/credit-internships/student-profiles/kayla-viola,student-experience/credit-internships/student-profiles/kayla-viola
academics/internships/credit-internships/student-profiles/kristen-ritraj,student-experience/credit-internships/student-profiles/kristen-ritraj
academics/internships/credit-internships/student-profiles/kyle-friend,student-experience/credit-internships/student-profiles/kyle-friend
academics/internships/credit-internships/student-profiles/lawrence-goun,student-experience/credit-internships/student-profiles/lawrence-goun
academics/internships/credit-internships/student-profiles/linda-depaolis,student-experience/credit-internships/student-profiles/linda-depaolis
academics/internships/credit-internships/student-profiles/luke-opyd,student-experience/credit-internships/student-profiles/luke-opyd
academics/internships/credit-internships/student-profiles/lydia-kim,student-experience/credit-internships/student-profiles/lydia-kim
academics/internships/credit-internships/student-profiles/melissa-kelly,student-experience/credit-internships/student-profiles/melissa-kelly
academics/internships/credit-internships/student-profiles/michael-tsai,student-experience/credit-internships/student-profiles/michael-tsai
academics/internships/credit-internships/student-profiles/michelle-birnbach-bsilr-14,student-experience/credit-internships/student-profiles/michelle-birnbach-bsilr-14
academics/internships/credit-internships/student-profiles/neha-dutta,student-experience/credit-internships/student-profiles/neha-dutta
academics/internships/credit-internships/student-profiles/pamela-leo,student-experience/credit-internships/student-profiles/pamela-leo
academics/internships/credit-internships/student-profiles/patrick-cronin,student-experience/credit-internships/student-profiles/patrick-cronin
academics/internships/credit-internships/student-profiles/peiran-zhang,student-experience/credit-internships/student-profiles/peiran-zhang
academics/internships/credit-internships/student-profiles/phoebe-sam,student-experience/credit-internships/student-profiles/phoebe-sam
academics/internships/credit-internships/student-profiles/rebecca-blair,student-experience/credit-internships/student-profiles/rebecca-blair
academics/internships/credit-internships/student-profiles/ryan-burns,student-experience/credit-internships/student-profiles/ryan-burns
academics/internships/credit-internships/student-profiles/tara-murphy,student-experience/credit-internships/student-profiles/tara-murphy
academics/internships/credit-internships/student-profiles/tyler-mitchell,student-experience/credit-internships/student-profiles/tyler-mitchell
academics/internships/credit-internships/student-profiles/whitney-cook,student-experience/credit-internships/student-profiles/whitney-cook
academics/internships/credit-internships/student-profiles/wyatt-nelson-bsilr16,student-experience/credit-internships/student-profiles/wyatt-nelson-bsilr16
academics/internships/credit-internships/students,student-experience/credit-internships/students
academics/internships/credit-internships/students/application-process,student-experience/credit-internships/students/application-process
academics/internships/credit-internships/students/application-process/accepting-internship,student-experience/credit-internships/students/application-process/accepting-internship
academics/internships/credit-internships/students/application-process/choosing-faculty-supervisor,student-experience/credit-internships/students/application-process/choosing-faculty-supervisor
academics/internships/credit-internships/students/application-process/find-credit-internship,student-experience/credit-internships/students/application-process/find-credit-internship
academics/internships/credit-internships/students/application-process/responsibilities-during-internship,student-experience/credit-internships/students/application-process/responsibilities-during-internship
academics/internships/credit-internships/students/financial-aid,student-experience/credit-internships/students/financial-aid
academics/internships/credit-internships/students/financial-aid/cornell-tradition,student-experience/credit-internships/students/financial-aid/cornell-tradition
academics/internships/credit-internships/students/financial-aid/funding-opportunities,student-experience/credit-internships/students/financial-aid/funding-opportunities
academics/internships/credit-internships/students/health-safety-security,student-experience/credit-internships/students/health-safety-security
academics/internships/credit-internships/students/housing,student-experience/credit-internships/students/housing
academics/internships/credit-internships/students/practicalities,student-experience/credit-internships/students/practicalities
academics/internships/credit-internships/students/practicalities/absentee-voting,student-experience/credit-internships/students/practicalities/absentee-voting
academics/internships/credit-internships/students/practicalities/additional-credit-options,student-experience/credit-internships/students/practicalities/additional-credit-options
academics/internships/credit-internships/students/practicalities/alumni-assistance,student-experience/credit-internships/students/practicalities/alumni-assistance
academics/internships/credit-internships/students/practicalities/contact-sheet,student-experience/credit-internships/students/practicalities/contact-sheet
academics/internships/credit-internships/students/practicalities/library-facilities,student-experience/credit-internships/students/practicalities/library-facilities
academics/internships/credit-internships/students/practicalities/registration,student-experience/credit-internships/students/practicalities/registration
academics/internships/credit-internships/students/practicalities/tuition-payment,student-experience/credit-internships/students/practicalities/tuition-payment
academics/internships/credit-internships/students/program-overview,student-experience/credit-internships/students/program-overview
academics/internships/credit-internships/students/program-overview/duration-internships,student-experience/credit-internships/students/program-overview/duration-internships
academics/internships/credit-internships/students/program-overview/how-qualify,student-experience/credit-internships/students/program-overview/how-qualify
academics/internships/credit-internships/students/program-overview/internship-assignments,student-experience/credit-internships/students/program-overview/internship-assignments
academics/internships/credit-internships/students/program-overview/program-options,student-experience/credit-internships/students/program-overview/program-options
academics/internships/credit-internships/students/program-overview/supervision-and-evaluation,student-experience/credit-internships/students/program-overview/supervision-and-evaluation
academics/special-study-options,student-experience/special-study-options
academics/special-study-options/disability-studies,student-experience/special-study-options/disability-studies
academics/special-study-options/dual-degree-programs,student-experience/special-study-options/dual-degree-programs
academics/special-study-options/fellowships,student-experience/special-study-options/fellowships
academics/special-study-options/fellowships,student-experience/special-study-options/fellowships
academics/special-study-options/international-experience,student-experience/international-opportunities
academics/special-study-options/international-experience/contact-us,student-experience/international-opportunities/contact-us
academics/special-study-options/international-experience/dublin,student-experience/international-opportunities/dublin
academics/special-study-options/international-experience/dublin/about-our-programs,student-experience/international-opportunities/dublin/about-our-programs
academics/special-study-options/international-experience/dublin/about-our-programs/15-tips-parents,student-experience/international-opportunities/dublin/about-our-programs/15-tips-parents
academics/special-study-options/international-experience/dublin/about-our-programs/about-ucd,student-experience/international-opportunities/dublin/about-our-programs/about-ucd
academics/special-study-options/international-experience/dublin/about-our-programs/about-ucd/computing,student-experience/international-opportunities/dublin/about-our-programs/about-ucd/computing
academics/special-study-options/international-experience/dublin/about-our-programs/about-ucd/health-services-ucd,student-experience/international-opportunities/dublin/about-our-programs/about-ucd/health-services-ucd
academics/special-study-options/international-experience/dublin/about-our-programs/about-ucd/ucd-faculty,student-experience/international-opportunities/dublin/about-our-programs/about-ucd/ucd-faculty
academics/special-study-options/international-experience/dublin/about-our-programs/about-ucd/ucd-services,student-experience/international-opportunities/dublin/about-our-programs/about-ucd/ucd-services
academics/special-study-options/international-experience/dublin/about-our-programs/faq,student-experience/international-opportunities/dublin/about-our-programs/faq
academics/special-study-options/international-experience/dublin/about-our-programs/graduate-program,student-experience/international-opportunities/dublin/about-our-programs/graduate-program
academics/special-study-options/international-experience/dublin/about-our-programs/undergraduate-program,student-experience/international-opportunities/dublin/about-our-programs/undergraduate-program
academics/special-study-options/international-experience/dublin/apply,student-experience/international-opportunities/dublin/apply
academics/special-study-options/international-experience/dublin/cost-billing-and-financial-aid,student-experience/international-opportunities/dublin/cost-billing-and-financial-aid
academics/special-study-options/international-experience/dublin/lauren-lang,student-experience/international-opportunities/dublin/lauren-lang
academics/special-study-options/international-experience/dublin/profiles,student-experience/international-opportunities/dublin/profiles
academics/special-study-options/international-experience/dublin/profiles/alex-gonzales,student-experience/international-opportunities/dublin/profiles/alex-gonzales
academics/special-study-options/international-experience/dublin/profiles/bridget-bugliari,student-experience/international-opportunities/dublin/profiles/bridget-bugliari
academics/special-study-options/international-experience/dublin/profiles/ethan-moore,student-experience/international-opportunities/dublin/profiles/ethan-moore
academics/special-study-options/international-experience/dublin/profiles/evelyn-bing,student-experience/international-opportunities/dublin/profiles/evelyn-bing
academics/special-study-options/international-experience/dublin/profiles/gregory-crawford,student-experience/international-opportunities/dublin/profiles/gregory-crawford
academics/special-study-options/international-experience/dublin/profiles/jennifer-obrien,student-experience/international-opportunities/dublin/profiles/jennifer-obrien
academics/special-study-options/international-experience/dublin/profiles/laurel-leyden,student-experience/international-opportunities/dublin/profiles/laurel-leyden
academics/special-study-options/international-experience/dublin/profiles/lauren-neal,student-experience/international-opportunities/dublin/profiles/lauren-neal
academics/special-study-options/international-experience/dublin/profiles/marc-masson,student-experience/international-opportunities/dublin/profiles/marc-masson
academics/special-study-options/international-experience/dublin/profiles/nancy-blanks,student-experience/international-opportunities/dublin/profiles/nancy-blanks
academics/special-study-options/international-experience/dublin/students-abroad,student-experience/international-opportunities/dublin/students-abroad
academics/special-study-options/international-experience/dublin/students-abroad/housing,student-experience/international-opportunities/dublin/students-abroad/housing
academics/special-study-options/international-experience/dublin/students-abroad/passports-and-visas,student-experience/international-opportunities/dublin/students-abroad/passports-and-visas
academics/special-study-options/international-experience/dublin/students-abroad/pre-departure-information,student-experience/international-opportunities/dublin/students-abroad/pre-departure-information
academics/special-study-options/international-experience/dublin/students-abroad/pre-departure-information/pre-registration,student-experience/international-opportunities/dublin/students-abroad/pre-departure-information/pre-registration
academics/special-study-options/international-experience/dublin/students-abroad/pre-departure-information/registering-irish-immigration,student-experience/international-opportunities/dublin/students-abroad/pre-departure-information/registering-irish-immigration
academics/special-study-options/international-experience/dublin/students-abroad/safety-security-and-health,student-experience/international-opportunities/dublin/students-abroad/safety-security-and-health
academics/special-study-options/international-experience/dublin/students-abroad/safety-security-and-health/disability-support-services,student-experience/international-opportunities/dublin/students-abroad/safety-security-and-health/disability-support-services
academics/special-study-options/international-experience/dublin/students-abroad/safety-security-and-health/emergencies,student-experience/international-opportunities/dublin/students-abroad/safety-security-and-health/emergencies
academics/special-study-options/international-experience/dublin/students-abroad/safety-security-and-health/health,student-experience/international-opportunities/dublin/students-abroad/safety-security-and-health/health
academics/special-study-options/international-experience/dublin/students-abroad/social-cultural-program,student-experience/international-opportunities/dublin/students-abroad/social-cultural-program
academics/special-study-options/international-experience/dublin/students-abroad/student-conduct-and-liability,student-experience/international-opportunities/dublin/students-abroad/student-conduct-and-liability
academics/special-study-options/international-experience/dublin/students-abroad/travel-resources,student-experience/international-opportunities/dublin/students-abroad/travel-resources
academics/special-study-options/international-experience/exchange-programs,student-experience/international-opportunities/exchange-programs
academics/special-study-options/international-experience/exchange-programs/bocconi-university-italy,student-experience/international-opportunities/exchange-programs/bocconi-university-italy
academics/special-study-options/international-experience/exchange-programs/cardiff-university-uk,student-experience/international-opportunities/exchange-programs/cardiff-university-uk
academics/special-study-options/international-experience/exchange-programs/queen-mary-university-london-uk,student-experience/international-opportunities/exchange-programs/queen-mary-university-london-uk
academics/special-study-options/international-experience/exchange-programs/renmin-university-china,student-experience/international-opportunities/exchange-programs/renmin-university-china
academics/special-study-options/international-experience/exchange-programs/renmin-university-china/renmin-business-school,student-experience/international-opportunities/exchange-programs/renmin-university-china/renmin-business-school
academics/special-study-options/international-experience/exchange-programs/renmin-university-china/ruc-summer-exchange,student-experience/international-opportunities/exchange-programs/renmin-university-china/ruc-summer-exchange
academics/special-study-options/international-experience/exchange-programs/universitat-rovira-i-virgili-spain,student-experience/international-opportunities/exchange-programs/universitat-rovira-i-virgili-spain
academics/special-study-options/international-experience/exchange-programs/university-melbourne-australia,student-experience/international-opportunities/exchange-programs/university-melbourne-australia
academics/special-study-options/international-experience/exchange-programs/university-new-south-wales-australia,student-experience/international-opportunities/exchange-programs/university-new-south-wales-australia
academics/special-study-options/international-experience/exchange-programs/university-warwick-uk,student-experience/international-opportunities/exchange-programs/university-warwick-uk
academics/special-study-options/international-experience/funding,student-experience/international-opportunities/funding
academics/special-study-options/international-experience/funding/international-experience-grants,student-experience/international-opportunities/funding/international-experience-grants
academics/special-study-options/international-experience/global-scholars-program,student-experience/international-opportunities/global-scholars-program
academics/special-study-options/international-experience/global-scholars-program/global-scholars-program-guidelines,student-experience/international-opportunities/global-scholars-program/global-scholars-program-guidelines
academics/special-study-options/international-experience/ilrucd-semester-dublin-program/profiles/carunya-achar,student-experience/international-opportunities/ilrucd-semester-dublin-program/profiles/carunya-achar
academics/special-study-options/international-experience/office-global-learning,student-experience/international-opportunities/office-global-learning
academics/special-study-options/international-experience/student-stories,student-experience/international-opportunities/student-stories
academics/special-study-options/international-experience/student-stories/anya-gibian,student-experience/international-opportunities/student-stories/anya-gibian
academics/special-study-options/international-experience/student-stories/cameron-nickels,student-experience/international-opportunities/student-stories/cameron-nickels
academics/special-study-options/international-experience/student-stories/charles-clausner,student-experience/international-opportunities/student-stories/charles-clausner
academics/special-study-options/international-experience/student-stories/chyanne-eyde,student-experience/international-opportunities/student-stories/chyanne-eyde
academics/special-study-options/international-experience/student-stories/chyanne-eyde-0,student-experience/international-opportunities/student-stories/chyanne-eyde-0
academics/special-study-options/international-experience/student-stories/danny-qiao,student-experience/international-opportunities/student-stories/danny-qiao
academics/special-study-options/international-experience/student-stories/deanna-hall,student-experience/international-opportunities/student-stories/deanna-hall
academics/special-study-options/international-experience/student-stories/deepa-saharia,student-experience/international-opportunities/student-stories/deepa-saharia
academics/special-study-options/international-experience/student-stories/gabrielle-hickmon,student-experience/international-opportunities/student-stories/gabrielle-hickmon
academics/special-study-options/international-experience/student-stories/hannah-cashen,student-experience/international-opportunities/student-stories/hannah-cashen
academics/special-study-options/international-experience/student-stories/hannah-kim,student-experience/international-opportunities/student-stories/hannah-kim
academics/special-study-options/international-experience/student-stories/jennifer-kay,student-experience/international-opportunities/student-stories/jennifer-kay
academics/special-study-options/international-experience/student-stories/lina-cheng,student-experience/international-opportunities/student-stories/lina-cheng
academics/special-study-options/international-experience/student-stories/matthew-joe,student-experience/international-opportunities/student-stories/matthew-joe
academics/special-study-options/international-experience/student-stories/melanie-berdecia,student-experience/international-opportunities/student-stories/melanie-berdecia
academics/special-study-options/international-experience/student-stories/michelle-kizer,student-experience/international-opportunities/student-stories/michelle-kizer
academics/special-study-options/international-experience/student-stories/michelle-kizer-0,student-experience/international-opportunities/student-stories/michelle-kizer-0
academics/special-study-options/international-experience/student-stories/nicolas-early,student-experience/international-opportunities/student-stories/nicolas-early
academics/special-study-options/international-experience/student-stories/nidy-hamue-munoz,student-experience/international-opportunities/student-stories/nidy-hamue-munoz
academics/special-study-options/international-experience/student-stories/rachel-maniloff,student-experience/international-opportunities/student-stories/rachel-maniloff
academics/special-study-options/international-experience/student-stories/rohini-jalan,student-experience/international-opportunities/student-stories/rohini-jalan
academics/special-study-options/international-experience/student-stories/sahil-jain,student-experience/international-opportunities/student-stories/sahil-jain
academics/special-study-options/international-experience/student-stories/william-edmonds,student-experience/international-opportunities/student-stories/william-edmonds
academics/special-study-options/international-experience/student-stories/xavier-obrien-douglas,student-experience/international-opportunities/student-stories/xavier-obrien-douglas
academics/special-study-options/internships,student-experience/special-study-options/internships
academics/special-study-options/internships/fex-wisp-sponsor-registration,student-experience/special-study-options/internships/fex-wisp-sponsor-registration
academics/special-study-options/internships/fex-wisp-sponsors,student-experience/special-study-options/internships/fex-wisp-sponsors
academics/special-study-options/internships/fex/2013-2014-fex-sponsors,student-experience/special-study-options/internships/fex/2013-2014-fex-sponsors
academics/special-study-options/internships/fex/fex-opportunities,student-experience/special-study-options/internships/fex/fex-opportunities
academics/special-study-options/internships/fex/past-fex-sponsors,student-experience/special-study-options/internships/fex/past-fex-sponsors
academics/special-study-options/internships/fex/past-fex-sponsors-0,student-experience/special-study-options/internships/fex/past-fex-sponsors-0
academics/special-study-options/internships/fex/past-fex-sponsors/test-page,student-experience/special-study-options/internships/fex/past-fex-sponsors/test-page
academics/special-study-options/internships/fex/test-page,student-experience/special-study-options/internships/fex/test-page
academics/special-study-options/internships/fexwisp-sponsor-registration,student-experience/special-study-options/internships/fexwisp-sponsor-registration
academics/special-study-options/internships/fexwisp-sponsor-registration/important-sponsor-fex-wisp-dates,student-experience/special-study-options/internships/fexwisp-sponsor-registration/important-sponsor-fex-wisp-dates
academics/special-study-options/internships/freshman-externship-program-fex,student-experience/special-study-options/internships/freshman-externship-program-fex
academics/special-study-options/internships/freshman-externship-program-fex/fex-student-application,student-experience/special-study-options/internships/freshman-externship-program-fex/fex-student-application
academics/special-study-options/internships/summer-options,student-experience/special-study-options/internships/summer-options
academics/special-study-options/internships/tester,student-experience/special-study-options/internships/tester
academics/special-study-options/internships/winter-intersession-program-wisp,student-experience/special-study-options/internships/winter-intersession-program-wisp
academics/special-study-options/internships/winter-intersession-program-wisp/wisp-student-application,student-experience/special-study-options/internships/winter-intersession-program-wisp/wisp-student-application
academics/special-study-options/internships/wisp/paid-wisp-opportunities,student-experience/special-study-options/internships/wisp/paid-wisp-opportunities
academics/special-study-options/internships/wisp/past-paid-wisp-opportunities,student-experience/special-study-options/internships/wisp/past-paid-wisp-opportunities
academics/special-study-options/internships/wisp/past-unpaid-wisp-opportunities,student-experience/special-study-options/internships/wisp/past-unpaid-wisp-opportunities
academics/special-study-options/internships/wisp/unpaid-wisp-opportunities,student-experience/special-study-options/internships/wisp/unpaid-wisp-opportunities
academics/special-study-options/minors,student-experience/special-study-options/minors
academics/special-study-options/service-learning,student-experience/special-study-options/service-learning
academics/special-study-options/service-learning/costa-rica-global-service-learning-summer,student-experience/special-study-options/service-learning/costa-rica-global-service-learning-summer
academics/special-study-options/service-learning/high-road-buffalo-ny,student-experience/special-study-options/service-learning/high-road-buffalo-ny
academics/special-study-options/service-learning/high-road-buffalo-ny/apply,student-experience/special-study-options/service-learning/high-road-buffalo-ny/apply
academics/special-study-options/service-learning/high-road-buffalo-ny/high-roaders-leading-way-campus,student-experience/special-study-options/service-learning/high-road-buffalo-ny/high-roaders-leading-way-campus
academics/special-study-options/service-learning/high-road-buffalo-ny/test,student-experience/special-study-options/service-learning/high-road-buffalo-ny/test
academics/special-study-options/service-learning/high-road-buffalo-ny/test-kyle,student-experience/special-study-options/service-learning/high-road-buffalo-ny/test-kyle
academics/special-study-options/service-learning/high-road-buffalo-ny/test-page-roni,student-experience/special-study-options/service-learning/high-road-buffalo-ny/test-page-roni
academics/special-study-options/service-learning/india-global-service-learning-summer,student-experience/special-study-options/service-learning/india-global-service-learning-summer
academics/special-study-options/service-learning/india/apply,student-experience/special-study-options/service-learning/india/apply
academics/special-study-options/service-learning/india/courses-india-svym,student-experience/special-study-options/service-learning/india/courses-india-svym
academics/special-study-options/service-learning/india/faq,student-experience/special-study-options/service-learning/india/faq
academics/special-study-options/service-learning/nicaragua-winter-break,student-experience/special-study-options/service-learning/nicaragua-winter-break
academics/special-study-options/service-learning/vietnam-winter-break,student-experience/special-study-options/service-learning/vietnam-winter-break
academics/special-study-options/service-learning/zambia-global-service-learning-summer,student-experience/special-study-options/service-learning/zambia-global-service-learning-summer
academics/special-study-options/student-research,student-experience/special-study-options/student-research
academics/special-study-options/student-research/honors-thesis-research,student-experience/special-study-options/student-research/honors-thesis-research
academics/special-study-options/student-research/independent-and-directed-study,student-experience/special-study-options/student-research/independent-and-directed-study
admissions,programs/admissions
admissions/graduate-admissions,programs/admissions/graduate-admissions
admissions/test-emily,programs/admissions/test-emily
admissions/undergraduate-admissions,programs/admissions/undergraduate-admissions
admissions/undergraduate-admissions/academics,programs/admissions/undergraduate-admissions/academics
admissions/undergraduate-admissions/academics/catherwood-library,programs/admissions/undergraduate-admissions/academics/catherwood-library
admissions/undergraduate-admissions/academics/faculty,programs/admissions/undergraduate-admissions/academics/faculty
admissions/undergraduate-admissions/academics/ilr-departments,programs/admissions/undergraduate-admissions/academics/ilr-departments
admissions/undergraduate-admissions/academics/student-support,programs/admissions/undergraduate-admissions/academics/student-support
admissions/undergraduate-admissions/apply,programs/admissions/undergraduate-admissions/apply
admissions/undergraduate-admissions/apply/first-year,programs/admissions/undergraduate-admissions/apply/first-year
admissions/undergraduate-admissions/apply/international,programs/admissions/undergraduate-admissions/apply/international
admissions/undergraduate-admissions/apply/transfers,programs/admissions/undergraduate-admissions/apply/transfers
admissions/undergraduate-admissions/apply/tuition-and-aid,programs/admissions/undergraduate-admissions/apply/tuition-and-aid
admissions/undergraduate-admissions/careers,programs/admissions/undergraduate-admissions/careers
admissions/undergraduate-admissions/careers/internships,programs/admissions/undergraduate-admissions/careers/internships
admissions/undergraduate-admissions/contact-us,programs/admissions/undergraduate-admissions/contact-us
admissions/undergraduate-admissions/frequently-asked-questions,programs/admissions/undergraduate-admissions/frequently-asked-questions
admissions/undergraduate-admissions/ilr-transfer-option-fall-2019,programs/admissions/undergraduate-admissions/ilr-transfer-option-fall-2019
admissions/undergraduate-admissions/student-experience,programs/admissions/undergraduate-admissions/student-experience
admissions/undergraduate-admissions/student-experience/global-opportunities,programs/admissions/undergraduate-admissions/student-experience/global-opportunities
admissions/undergraduate-admissions/student-experience/student-ambassadors,programs/admissions/undergraduate-admissions/student-experience/student-ambassadors
admissions/undergraduate-admissions/student-experience/student-ambassadors/alexa-irias,programs/admissions/undergraduate-admissions/student-experience/student-ambassadors/alexa-irias
admissions/undergraduate-admissions/student-experience/student-ambassadors/ashley-ticzon,programs/admissions/undergraduate-admissions/student-experience/student-ambassadors/ashley-ticzon
admissions/undergraduate-admissions/student-experience/student-ambassadors/brittany-biggs,programs/admissions/undergraduate-admissions/student-experience/student-ambassadors/brittany-biggs
admissions/undergraduate-admissions/student-experience/student-ambassadors/candice-johnson,programs/admissions/undergraduate-admissions/student-experience/student-ambassadors/candice-johnson
admissions/undergraduate-admissions/student-experience/student-ambassadors/cole-bruno,programs/admissions/undergraduate-admissions/student-experience/student-ambassadors/cole-bruno
admissions/undergraduate-admissions/student-experience/student-ambassadors/cole-butchen,programs/admissions/undergraduate-admissions/student-experience/student-ambassadors/cole-butchen
admissions/undergraduate-admissions/student-experience/student-ambassadors/elizabeth-easter,programs/admissions/undergraduate-admissions/student-experience/student-ambassadors/elizabeth-easter
admissions/undergraduate-admissions/student-experience/student-ambassadors/emily-tung,programs/admissions/undergraduate-admissions/student-experience/student-ambassadors/emily-tung
admissions/undergraduate-admissions/student-experience/student-ambassadors/ian-ulloa,programs/admissions/undergraduate-admissions/student-experience/student-ambassadors/ian-ulloa
admissions/undergraduate-admissions/student-experience/student-ambassadors/jacklyn-levito,programs/admissions/undergraduate-admissions/student-experience/student-ambassadors/jacklyn-levito
admissions/undergraduate-admissions/student-experience/student-ambassadors/jamie-morgenstern,programs/admissions/undergraduate-admissions/student-experience/student-ambassadors/jamie-morgenstern
admissions/undergraduate-admissions/student-experience/student-ambassadors/jeffrey-joseph,programs/admissions/undergraduate-admissions/student-experience/student-ambassadors/jeffrey-joseph
admissions/undergraduate-admissions/student-experience/student-ambassadors/jennifer-mandelblatt,programs/admissions/undergraduate-admissions/student-experience/student-ambassadors/jennifer-mandelblatt
admissions/undergraduate-admissions/student-experience/student-ambassadors/jian-hui-barry-wu,programs/admissions/undergraduate-admissions/student-experience/student-ambassadors/jian-hui-barry-wu
admissions/undergraduate-admissions/student-experience/student-ambassadors/josh-klein,programs/admissions/undergraduate-admissions/student-experience/student-ambassadors/josh-klein
admissions/undergraduate-admissions/student-experience/student-ambassadors/joyce-chan,programs/admissions/undergraduate-admissions/student-experience/student-ambassadors/joyce-chan
admissions/undergraduate-admissions/student-experience/student-ambassadors/jules-kochis,programs/admissions/undergraduate-admissions/student-experience/student-ambassadors/jules-kochis
admissions/undergraduate-admissions/student-experience/student-ambassadors/kate-kehne,programs/admissions/undergraduate-admissions/student-experience/student-ambassadors/kate-kehne
admissions/undergraduate-admissions/student-experience/student-ambassadors/katharine-gorayeb,programs/admissions/undergraduate-admissions/student-experience/student-ambassadors/katharine-gorayeb
admissions/undergraduate-admissions/student-experience/student-ambassadors/ketaki-joshi,programs/admissions/undergraduate-admissions/student-experience/student-ambassadors/ketaki-joshi
admissions/undergraduate-admissions/student-experience/student-ambassadors/leanna-zilles,programs/admissions/undergraduate-admissions/student-experience/student-ambassadors/leanna-zilles
admissions/undergraduate-admissions/student-experience/student-ambassadors/malikul-s-muhamad,programs/admissions/undergraduate-admissions/student-experience/student-ambassadors/malikul-s-muhamad
admissions/undergraduate-admissions/student-experience/student-ambassadors/meaghan-gee,programs/admissions/undergraduate-admissions/student-experience/student-ambassadors/meaghan-gee
admissions/undergraduate-admissions/student-experience/student-ambassadors/michael-hill,programs/admissions/undergraduate-admissions/student-experience/student-ambassadors/michael-hill
admissions/undergraduate-admissions/student-experience/student-ambassadors/michael-lyons,programs/admissions/undergraduate-admissions/student-experience/student-ambassadors/michael-lyons
admissions/undergraduate-admissions/student-experience/student-ambassadors/neeraj-jaisinghani,programs/admissions/undergraduate-admissions/student-experience/student-ambassadors/neeraj-jaisinghani
admissions/undergraduate-admissions/student-experience/student-ambassadors/niyyah-barber,programs/admissions/undergraduate-admissions/student-experience/student-ambassadors/niyyah-barber
admissions/undergraduate-admissions/student-experience/student-ambassadors/phillip-salmo,programs/admissions/undergraduate-admissions/student-experience/student-ambassadors/phillip-salmo
admissions/undergraduate-admissions/student-experience/student-ambassadors/samantha-falchook,programs/admissions/undergraduate-admissions/student-experience/student-ambassadors/samantha-falchook
admissions/undergraduate-admissions/student-experience/student-ambassadors/samantha-romero-zavala,programs/admissions/undergraduate-admissions/student-experience/student-ambassadors/samantha-romero-zavala
admissions/undergraduate-admissions/student-experience/student-ambassadors/sarah-halperin,programs/admissions/undergraduate-admissions/student-experience/student-ambassadors/sarah-halperin
admissions/undergraduate-admissions/student-experience/student-ambassadors/stefano-priante,programs/admissions/undergraduate-admissions/student-experience/student-ambassadors/stefano-priante
admissions/undergraduate-admissions/student-experience/student-ambassadors/tavia-williams,programs/admissions/undergraduate-admissions/student-experience/student-ambassadors/tavia-williams
admissions/undergraduate-admissions/student-experience/student-ambassadors/thaya-psyhojos,programs/admissions/undergraduate-admissions/student-experience/student-ambassadors/thaya-psyhojos
admissions/undergraduate-admissions/student-experience/student-ambassadors/tyler-correawhite,programs/admissions/undergraduate-admissions/student-experience/student-ambassadors/tyler-correawhite
admissions/undergraduate-admissions/student-experience/student-ambassadors/vanessa-lizeth-lobo-gradiz,programs/admissions/undergraduate-admissions/student-experience/student-ambassadors/vanessa-lizeth-lobo-gradiz
admissions/undergraduate-admissions/student-experience/student-ambassadors/ziva-posner,programs/admissions/undergraduate-admissions/student-experience/student-ambassadors/ziva-posner
admissions/undergraduate-admissions/student-experience/student-organizations,programs/admissions/undergraduate-admissions/student-experience/student-organizations
admissions/undergraduate-admissions/student-experience/student-spotlights,programs/admissions/undergraduate-admissions/student-experience/student-spotlights
admissions/undergraduate-admissions/student-experience/undergraduate-research,programs/admissions/undergraduate-admissions/student-experience/undergraduate-research
admissions/undergraduate-admissions/test,programs/admissions/undergraduate-admissions/test
admissions/undergraduate-admissions/visit,programs/admissions/undergraduate-admissions/visit
admissions/undergraduate-admissions/visit-days,programs/admissions/undergraduate-admissions/visit-days
admissions/undergraduate-admissions/visit/ilr-saturday-visit-day-registration,programs/admissions/undergraduate-admissions/visit/ilr-saturday-visit-day-registration
admissions/undergraduate-admissions/visit/visit-days-home,programs/admissions/undergraduate-admissions/visit/visit-days-home
admissions/undergraduate-admissions/visit/visit-days-home/program,programs/admissions/undergraduate-admissions/visit/visit-days-home/program
admissions/undergraduate-admissions/visit/visit-days-home/registration,programs/admissions/undergraduate-admissions/visit/visit-days-home/registration
career-path,student-experience/career-path
career-path/attend-events,student-experience/career-path/attend-events
career-path/attend-events/career-events-ilr-students,student-experience/career-path/attend-events/career-events-ilr-students
career-path/attend-events/ilr-career-fair,student-experience/career-path/attend-events/ilr-career-fair
career-path/attend-events/ilr-career-fair-participants,student-experience/career-path/attend-events/ilr-career-fair-participants
career-path/attend-events/ilr-career-fair/general-tips-preparing-and-navigating-career-fairs,student-experience/career-path/attend-events/ilr-career-fair/general-tips-preparing-and-navigating-career-fairs
career-path/attend-events/social-impact-career-forum-2015,student-experience/career-path/attend-events/social-impact-career-forum-2015
career-path/attend-events/social-impact-career-forum-2018,student-experience/career-path/attend-events/social-impact-career-forum-2018
career-path/attend-events/social-justice-career-fair,student-experience/career-path/attend-events/social-justice-career-fair
career-path/attend-events/social-justice-career-fair/past-social-justice-career-fair-participants,student-experience/career-path/attend-events/social-justice-career-fair/past-social-justice-career-fair-participants
career-path/attend-events/social-justice-career-fair/tips-preparing-and-navigating-social-justice-career-fair,student-experience/career-path/attend-events/social-justice-career-fair/tips-preparing-and-navigating-social-justice-career-fair
career-path/consider-graduate-schools,student-experience/career-path/consider-graduate-schools
career-path/contact-career-services,student-experience/career-path/contact-career-services
career-path/find-job-or-internship,student-experience/career-path/find-job-or-internship
career-path/find-job-or-internship/making-decision,student-experience/career-path/find-job-or-internship/making-decision
career-path/find-job-or-internship/networking,student-experience/career-path/find-job-or-internship/networking
career-path/find-job-or-internship/online-resources,student-experience/career-path/find-job-or-internship/online-resources
career-path/hire-ilr-alumni,student-experience/career-path/hire-ilr-alumni
career-path/hire-ilr-students,student-experience/career-path/hire-ilr-students
career-path/hire-ilr-students-01,student-experience/career-path/hire-ilr-students-01
career-path/hire-ilr-students-draft,student-experience/career-path/hire-ilr-students-draft
career-path/hire-ilr-students/alternatives-campus-recruiting,student-experience/career-path/hire-ilr-students/alternatives-campus-recruiting
career-path/hire-ilr-students/campus-recruiting,student-experience/career-path/hire-ilr-students/campus-recruiting
career-path/hire-ilr-students/employer-information-sessions-presentations,student-experience/career-path/hire-ilr-students/employer-information-sessions-presentations
career-path/hire-ilr-students/post-job-ilr-alumni,student-experience/career-path/hire-ilr-students/post-job-ilr-alumni
career-path/hire-ilr-students/post-job-or-internship-without-campus-visit,student-experience/career-path/hire-ilr-students/post-job-or-internship-without-campus-visit
career-path/hire-ilr-students/summer-internships,student-experience/career-path/hire-ilr-students/summer-internships
career-path/hire-ilr-students/tips-successful-recruiting-visit,student-experience/career-path/hire-ilr-students/tips-successful-recruiting-visit
career-path/information-alumni,student-experience/career-path/information-alumni
career-path/information-alumni/hannahs-test-page,student-experience/career-path/information-alumni/hannahs-test-page
career-path/its-friday,student-experience/career-path/its-friday
career-path/office-career-services,student-experience/career-path/office-career-services
career-path/postgraduate-information,student-experience/career-path/postgraduate-information
career-path/prepare-interviews,student-experience/career-path/prepare-interviews
career-path/prepare-interviews/campus-recruiting,student-experience/career-path/prepare-interviews/campus-recruiting
career-path/prepare-interviews/laurens-test-page,student-experience/career-path/prepare-interviews/laurens-test-page
career-path/prepare-interviews/phone-or-video-interviews,student-experience/career-path/prepare-interviews/phone-or-video-interviews
career-path/prepare-interviews/sample-interview-questions,student-experience/career-path/prepare-interviews/sample-interview-questions
career-path/prepare-interviews/second-round-or-site-interviews,student-experience/career-path/prepare-interviews/second-round-or-site-interviews
career-path/write-resume-or-cover-letter,student-experience/career-path/write-resume-or-cover-letter
career-path/write-resume-or-cover-letter/test,student-experience/career-path/write-resume-or-cover-letter/test
outreach,public-engagement
outreach/professional-programs,public-engagement/professional-programs
professional-programs,programs/professional-programs
professional-programs/workshops-courses-training,programs/professional-programs/workshops-courses-training
professional-programs/certificate-programs,programs/professional-programs/certificate-programs
professional-programs/certificate-programs/advanced-collective-bargaining-certificate,programs/professional-programs/certificate-programs/advanced-collective-bargaining-certificate
professional-programs/certificate-programs/advanced-employee-relations-and-investigations,programs/professional-programs/certificate-programs/advanced-employee-relations-and-investigations
professional-programs/certificate-programs/arbitration-advocacy-certificate,programs/professional-programs/certificate-programs/arbitration-advocacy-certificate
professional-programs/certificate-programs/collective-bargaining,programs/professional-programs/certificate-programs/collective-bargaining
professional-programs/certificate-programs/compensation-studies,programs/professional-programs/certificate-programs/compensation-studies
professional-programs/certificate-programs/contract-administration,programs/professional-programs/certificate-programs/contract-administration
professional-programs/certificate-programs/diversity-and-inclusion-professionals-certificate,programs/professional-programs/certificate-programs/diversity-and-inclusion-professionals-certificate
professional-programs/certificate-programs/eeo-professionals,programs/professional-programs/certificate-programs/eeo-professionals
professional-programs/certificate-programs/human-resource-management,programs/professional-programs/certificate-programs/human-resource-management
professional-programs/certificate-programs/human-resources-essentials,programs/professional-programs/certificate-programs/human-resources-essentials
professional-programs/certificate-programs/human-resources-management,programs/professional-programs/certificate-programs/human-resources-management
professional-programs/certificate-programs/labor-leadership-skills-bootcamp,programs/professional-programs/certificate-programs/labor-leadership-skills-bootcamp
professional-programs/certificate-programs/labor-leadership-skills-bootcamp-0,programs/professional-programs/certificate-programs/labor-leadership-skills-bootcamp-0
professional-programs/certificate-programs/leadership-essentials,programs/professional-programs/certificate-programs/leadership-essentials
professional-programs/certificate-programs/managing-organizational-conflict,programs/professional-programs/certificate-programs/managing-organizational-conflict
professional-programs/certificate-programs/professional-neutral-development-program,programs/professional-programs/certificate-programs/professional-neutral-development-program
professional-programs/certificate-programs/social-media-hr-policy-practice,programs/professional-programs/certificate-programs/social-media-hr-policy-practice
professional-programs/certificate-programs/strategic-human-resources,programs/professional-programs/certificate-programs/strategic-human-resources
professional-programs/certificate-programs/strategic-human-resources-leadership,programs/professional-programs/certificate-programs/strategic-human-resources-leadership
professional-programs/cornell-executive-management-program,programs/professional-programs/cornell-executive-management-program
professional-programs/cu-ilr-emp,programs/professional-programs/cu-ilr-emp
professional-programs/cu-ilr-emp-v2,programs/professional-programs/cu-ilr-emp-v2
professional-programs/customized-professional-programs,programs/professional-programs/customized-professional-programs
professional-programs/enrich-your-diversity-and-inclusion-strategy,programs/professional-programs/enrich-your-diversity-and-inclusion-strategy
professional-programs/forums-and-conferences,programs/professional-programs/forums-and-conferences
professional-programs/india-initiatives,programs/professional-programs/india-initiatives
professional-programs/india-initiatives/policy-analysis-and-program-evaluation-workshop,programs/professional-programs/india-initiatives/policy-analysis-and-program-evaluation-workshop
professional-programs/india-initiatives/policy-analysis-and-program-evaluation-workshop/important-dates-venue,programs/professional-programs/india-initiatives/policy-analysis-and-program-evaluation-workshop/important-dates-venue
professional-programs/india-initiatives/policy-analysis-and-program-evaluation-workshop/india-program-analysis-faculty,programs/professional-programs/india-initiatives/policy-analysis-and-program-evaluation-workshop/india-program-analysis-faculty
professional-programs/india-initiatives/policy-analysis-and-program-evaluation-workshop/registration,programs/professional-programs/india-initiatives/policy-analysis-and-program-evaluation-workshop/registration
professional-programs/india-initiatives/policy-analysis-and-program-evaluation-workshop/training-methodology,programs/professional-programs/india-initiatives/policy-analysis-and-program-evaluation-workshop/training-methodology
professional-programs/india-initiatives/research-quality-and-inductive-methodology-workshop,programs/professional-programs/india-initiatives/research-quality-and-inductive-methodology-workshop
professional-programs/india-initiatives/research-quality-and-inductive-methodology-workshop/doctoral-sweatshop-reviews,programs/professional-programs/india-initiatives/research-quality-and-inductive-methodology-workshop/doctoral-sweatshop-reviews
professional-programs/india-initiatives/research-quality-and-inductive-methodology-workshop/lse-cornell-workshop-july-11-15-2016,programs/professional-programs/india-initiatives/research-quality-and-inductive-methodology-workshop/lse-cornell-workshop-july-11-15-2016
professional-programs/india-initiatives/research-quality-and-inductive-methodology-workshop/xlri-cornell-workshop-dec-4-8-2017,programs/professional-programs/india-initiatives/research-quality-and-inductive-methodology-workshop/xlri-cornell-workshop-dec-4-8-2017
professional-programs/learn-preventative-and-proactive-strategies-potential-legal-issues,programs/professional-programs/learn-preventative-and-proactive-strategies-potential-legal-issues
professional-programs/professional-development-cornells-ilr-school,programs/professional-programs/professional-development-cornells-ilr-school
professional-programs/registration-information,programs/professional-programs/registration-information
students,student-experience
students/2015-commencement-schedule,student-experience/2015-commencement-schedule
students/advising,student-experience/advising
students/advising-and-counseling/academic-support-and-tutoring,student-experience/advising-and-counseling/academic-support-and-tutoring
students/advising-and-counseling/academic-support-and-tutoring/apply-become-ilr-peer-mentor,student-experience/advising-and-counseling/academic-support-and-tutoring/apply-become-ilr-peer-mentor
students/advising-and-counseling/contact-student-services,student-experience/advising-and-counseling/contact-student-services
students/advising-and-counseling/counseling-referrals,student-experience/advising-and-counseling/counseling-referrals
students/advising-and-counseling/disability-services,student-experience/advising-and-counseling/disability-services
students/advising-and-counseling/faculty-advising,student-experience/advising-and-counseling/faculty-advising
students/advising-and-counseling/faculty-advising/request-faculty-advisor-or-department,student-experience/advising-and-counseling/faculty-advising/request-faculty-advisor-or-department
students/advising-and-counseling/pre-law-advising,student-experience/advising-and-counseling/pre-law-advising
students/advising/new-student-mentoring,student-experience/advising/new-student-mentoring
students/advising/new-student-mentoring/aimee-la-france,student-experience/advising/new-student-mentoring/aimee-la-france
students/advising/new-student-mentoring/alden-aikins,student-experience/advising/new-student-mentoring/alden-aikins
students/advising/new-student-mentoring/alex-zarska,student-experience/advising/new-student-mentoring/alex-zarska
students/advising/new-student-mentoring/alysse-merila,student-experience/advising/new-student-mentoring/alysse-merila
students/advising/new-student-mentoring/amanda-eisenberg,student-experience/advising/new-student-mentoring/amanda-eisenberg
students/advising/new-student-mentoring/amanda-newman,student-experience/advising/new-student-mentoring/amanda-newman
students/advising/new-student-mentoring/amanda-tripodi,student-experience/advising/new-student-mentoring/amanda-tripodi
students/advising/new-student-mentoring/audrey-siaw-asamoah,student-experience/advising/new-student-mentoring/audrey-siaw-asamoah
students/advising/new-student-mentoring/ben-finkelstein,student-experience/advising/new-student-mentoring/ben-finkelstein
students/advising/new-student-mentoring/carly-weisen,student-experience/advising/new-student-mentoring/carly-weisen
students/advising/new-student-mentoring/clara-goldrich,student-experience/advising/new-student-mentoring/clara-goldrich
students/advising/new-student-mentoring/conrad-perez,student-experience/advising/new-student-mentoring/conrad-perez
students/advising/new-student-mentoring/dillon-jones,student-experience/advising/new-student-mentoring/dillon-jones
students/advising/new-student-mentoring/eliza-sherman,student-experience/advising/new-student-mentoring/eliza-sherman
students/advising/new-student-mentoring/emily-blanchard,student-experience/advising/new-student-mentoring/emily-blanchard
students/advising/new-student-mentoring/garrett-altman,student-experience/advising/new-student-mentoring/garrett-altman
students/advising/new-student-mentoring/genevieve-lyons,student-experience/advising/new-student-mentoring/genevieve-lyons
students/advising/new-student-mentoring/hannah-jang,student-experience/advising/new-student-mentoring/hannah-jang
students/advising/new-student-mentoring/hannah-sosenko,student-experience/advising/new-student-mentoring/hannah-sosenko
students/advising/new-student-mentoring/helen-fan,student-experience/advising/new-student-mentoring/helen-fan
students/advising/new-student-mentoring/isabella-olivia,student-experience/advising/new-student-mentoring/isabella-olivia
students/advising/new-student-mentoring/jacob-spiegel,student-experience/advising/new-student-mentoring/jacob-spiegel
students/advising/new-student-mentoring/jake-ritter,student-experience/advising/new-student-mentoring/jake-ritter
students/advising/new-student-mentoring/jasmine-zhou,student-experience/advising/new-student-mentoring/jasmine-zhou
students/advising/new-student-mentoring/jaylexia-clark,student-experience/advising/new-student-mentoring/jaylexia-clark
students/advising/new-student-mentoring/jessica-sprague,student-experience/advising/new-student-mentoring/jessica-sprague
students/advising/new-student-mentoring/juliet-remi,student-experience/advising/new-student-mentoring/juliet-remi
students/advising/new-student-mentoring/juliette-hernandez,student-experience/advising/new-student-mentoring/juliette-hernandez
students/advising/new-student-mentoring/ketaki-joshi,student-experience/advising/new-student-mentoring/ketaki-joshi
students/advising/new-student-mentoring/laura-mcgrath,student-experience/advising/new-student-mentoring/laura-mcgrath
students/advising/new-student-mentoring/lindsay-schechter,student-experience/advising/new-student-mentoring/lindsay-schechter
students/advising/new-student-mentoring/maggie-smith,student-experience/advising/new-student-mentoring/maggie-smith
students/advising/new-student-mentoring/mariel-salinas,student-experience/advising/new-student-mentoring/mariel-salinas
students/advising/new-student-mentoring/meaghan-gee,student-experience/advising/new-student-mentoring/meaghan-gee
students/advising/new-student-mentoring/meng-zhang,student-experience/advising/new-student-mentoring/meng-zhang
students/advising/new-student-mentoring/mikaila-mcandrew,student-experience/advising/new-student-mentoring/mikaila-mcandrew
students/advising/new-student-mentoring/naoya-fukuchi,student-experience/advising/new-student-mentoring/naoya-fukuchi
students/advising/new-student-mentoring/natalie-lilien,student-experience/advising/new-student-mentoring/natalie-lilien
students/advising/new-student-mentoring/nevan-mccann,student-experience/advising/new-student-mentoring/nevan-mccann
students/advising/new-student-mentoring/nidhi-dontula,student-experience/advising/new-student-mentoring/nidhi-dontula
students/advising/new-student-mentoring/phillip-salmo,student-experience/advising/new-student-mentoring/phillip-salmo
students/advising/new-student-mentoring/rachel-martinez,student-experience/advising/new-student-mentoring/rachel-martinez
students/advising/new-student-mentoring/richard-gan,student-experience/advising/new-student-mentoring/richard-gan
students/advising/new-student-mentoring/sam-lustig,student-experience/advising/new-student-mentoring/sam-lustig
students/advising/new-student-mentoring/tj-clement,student-experience/advising/new-student-mentoring/tj-clement
students/advising/new-student-mentoring/transfer-student-peer-mentors,student-experience/advising/new-student-mentoring/transfer-student-peer-mentors
students/advising/new-student-mentoring/tyler-dixon,student-experience/advising/new-student-mentoring/tyler-dixon
students/classroom-reservation-request,student-experience/classroom-reservation-request
students/diversity-and-inclusion,student-experience/diversity-and-inclusion
students/diversity-inclusion/frequently-asked-questions,student-experience/diversity-inclusion/frequently-asked-questions
students/diversity-inclusion/mentoring,student-experience/diversity-inclusion/mentoring
students/diversity-inclusion/multicultural-student-organizations,student-experience/diversity-inclusion/multicultural-student-organizations
students/diversity-inclusion/pre-freshmen-summer-program/about-program,student-experience/diversity-inclusion/pre-freshmen-summer-program/about-program
students/diversity-inclusion/pre-freshmen-summer-program/about-program/courses,student-experience/diversity-inclusion/pre-freshmen-summer-program/about-program/courses
students/diversity-inclusion/pre-freshmen-summer-program/about-program/living-campus,student-experience/diversity-inclusion/pre-freshmen-summer-program/about-program/living-campus
students/diversity-inclusion/pre-freshmen-summer-program/faq,student-experience/diversity-inclusion/pre-freshmen-summer-program/faq
students/diversity-inclusion/pre-freshmen-summer-program/past-activities,student-experience/diversity-inclusion/pre-freshmen-summer-program/past-activities
students/diversity-inclusion/pre-freshmen-summer-program/past-psp-participants,student-experience/diversity-inclusion/pre-freshmen-summer-program/past-psp-participants
students/diversity-inclusion/pre-freshmen-summer-program/staff-and-pas,student-experience/diversity-inclusion/pre-freshmen-summer-program/staff-and-pas
students/diversity-inclusion/prefreshman-summer-program,student-experience/diversity-inclusion/prefreshman-summer-program
students/diversity-inclusion/statement-diversity,student-experience/diversity-inclusion/statement-diversity
students/ilr-undergraduate-application-graduation,student-experience/ilr-undergraduate-application-graduation
students/incoming-students,student-experience/incoming-students
students/jessies-page,student-experience/jessies-page
students/office-student-services,student-experience/office-student-services
students/resources-graduate-students,student-experience/resources-graduate-students
students/resources-graduate-students/forms,student-experience/resources-graduate-students/forms
students/resources-graduate-students/forms/milr-application-graduation-form,student-experience/resources-graduate-students/forms/milr-application-graduation-form
students/resources-graduate-students/forms/research-assistance-application,student-experience/resources-graduate-students/forms/research-assistance-application
students/resources-graduate-students/forms/travel-grant-application,student-experience/resources-graduate-students/forms/travel-grant-application
students/resources-graduate-students/graduate-student-directory,student-experience/resources-graduate-students/graduate-student-directory
students/resources-graduate-students/ilr-graduate-policy-handbook,student-experience/resources-graduate-students/ilr-graduate-policy-handbook
students/resources-graduate-students/ilr-graduate-policy-handbook/cornell-employee-degree-applicants,student-experience/resources-graduate-students/ilr-graduate-policy-handbook/cornell-employee-degree-applicants
students/resources-graduate-students/ilr-graduate-policy-handbook/dual-milrmba-degree-program-policy,student-experience/resources-graduate-students/ilr-graduate-policy-handbook/dual-milrmba-degree-program-policy
students/resources-graduate-students/ilr-graduate-policy-handbook/introduction-organization-graduate-programs,student-experience/resources-graduate-students/ilr-graduate-policy-handbook/introduction-organization-graduate-programs
students/resources-graduate-students/ilr-graduate-policy-handbook/leave-absencewithdrawal,student-experience/resources-graduate-students/ilr-graduate-policy-handbook/leave-absencewithdrawal
students/resources-graduate-students/ilr-graduate-policy-handbook/milr-degree-program-policy,student-experience/resources-graduate-students/ilr-graduate-policy-handbook/milr-degree-program-policy
students/resources-graduate-students/ilr-graduate-policy-handbook/mps-ithaca-degree-program-policy,student-experience/resources-graduate-students/ilr-graduate-policy-handbook/mps-ithaca-degree-program-policy
students/resources-graduate-students/ilr-graduate-policy-handbook/mps-nyc-degree-program-policy,student-experience/resources-graduate-students/ilr-graduate-policy-handbook/mps-nyc-degree-program-policy
students/resources-graduate-students/ilr-graduate-policy-handbook/ms-and-phd-degree-program-policy,student-experience/resources-graduate-students/ilr-graduate-policy-handbook/ms-and-phd-degree-program-policy
students/resources-graduate-students/ilr-graduate-policy-handbook/ms-track-bsilrs-degree-program-policy,student-experience/resources-graduate-students/ilr-graduate-policy-handbook/ms-track-bsilrs-degree-program-policy
students/student-organizations,student-experience/student-organizations
students/test-kjb,student-experience/test-kjb
students/things-do-ithaca,student-experience/things-do-ithaca
students/walk-ins,student-experience/walk-ins
